TIER,PLAYER,TEAM/HS,COMMITMENT,OFFENSIVE ROLE,DEFENSIVE ROLE,HEIGHT,RIVALS,247,ESPN,MADE,EBY,CONSENSUS,,,,,,RANK
,Adi Morankic,Baskonia (BIH),,Scoring Wing,,"6'6""",,,,,,,,,,,,
,Aleksandar Savic,KK Mega (SRB),,Scoring Guard,,"6'3""",,,,,,,,,,,,
,Alex Alexander,Mesquite,,Slasher,,"6'8""",,,,,,,,,,,,
,Ansh Tomer,Pradesh (IND),,,,"6'8""",,,,,,,,,,,,
,Arnau Andrei,Barcelona (ESP),,Skilled Forward,,"6'8""",,,,,,,,,,,,
,Cayden Gaskins,Columbus,,Slasher,,"6'7""",,,,,,,,,,,,
,Cheikh Bamba Gaye,Barcelona (SEN),,,,"6'8""",,,,,,,,,,,,
,Chris Echezuria,Pablo Laso Academy (VEN),,Primary Ball Handler,,"6'1""",,,,,,,,,,,,
,Chudier Diew Yak,North Broward Prep (SSD),,,Rim Protector,"6'9""",,,,,,,,,,,,
,Daniel Guiliani,Baskonia (ITA),,Off-Ball-Wing,,"6'3""",,,,,,,,,,,,
,David Conceicao,Orange1 Bassano (POR),,Primary Ball Handler,,"6'1""",,,,,,,,,,,,
,David Johnson,Huntington Prep,,Scoring Wing,,"6'9""",,,,,,,,,,,,
,Demario Mayfield Jr.,Orange1 Bassano (USA),,Primary Ball Handler,,"6'0""",,,,,,,,,,,,
,Draydne McDaniel,Prolific Prep,,Scoring Wing,,"6'7""",,,,,,,,,,,,
,Emilio Szewczyk,Valencia (POL),,Skilled Forward,,"6'5""",,,,,,,,,,,,
,Federico Biondi,Moncalieri (ITA),,Scoring Wing,,"6'5""",,,,,,,,,,,,
,Felix Okam,Grand Prairie,,,,"6'8""",,,,,,,,,,,,
,Flory Kuminga,Patrick School,,Slasher,,"6'6""",,,,,,,,,,,,
,Herbert Wekem Agamba,Jordan Christian Prep (GHA),,Play Finishing Forward,Rim Protector,"6'9""",,,,,,,,,,,,
,Isaiah Rider IV,Highly,,Primary Ball Handler,,"6'2""",,,,,,,,,,,,
,Jacobi Thompson II,Arcadia,,,,"6'5""",,,,,,,,,,,,
,Jeremy Gohier,Noble Elite (CAN),,Play Finishing Big,Rim Protector,"7'5""",,,,,,,,,,,,
,JJ Crawford,Ranier Beach,,Primary Ball Handler,,"6'3""",,,,,,,,,,,,
,Jonas Birzinis,SKM (LTU),,Scoring Wing,,"6'6""",,,,,,,,,,,,
,Jorge Jimenez,Real Madrid (ESP),,Primary Ball Handler,,"5'9""",,,,,,,,,,,,
,Josiah Brooks,SLAM Miami,,Slasher,,"6'3""",,,,,,,,,,,,
,Kaedyn Cole,Grace Christian,,Scoring Wing,,"6'6""",,,,,,,,,,,,
,Kiir Nang,Anthem Prep (SSD),,Skilled Forward,,"6'9""",,,,,,,,,,,,
,King Bacot,Petersburg,,Combo Guard,Point-of-Attack,"6'2""",,,,,,,,,,,,
,Kristians Juris Martinsons,Barceolna (LAT),,,,"6'2""",,,,,,,,,,,,
,Leon Bosnic,KK Mega (BIH),,Primary Ball Handler,,"6'2""",,,,,,,,,,,,
,London Jackson,Harlan,,Scoring Wing,,"6'6""",,,,,,,,,,,,
,Loris Velez,Orange1 Bassano (ITA),,,,"6'7""",,,,,,,,,,,,
,Mahamadou Bagayoko,Canaria (MLI),,Play Finishing Big,Versatile Big,"6'8""",,,,,,,,,,,,
,Mamadou Issa Sow,Bella Vista Prep (SEN),,Play Finishing Big,Rim Protector,"6'9""",,,,,,,,,,,,
,Mapak Majak Machar,Jordan Christian Prep (SSD),,Play Finishing Big,Rim Protector,"7'1""",,,,,,,,,,,,
,Mohamed Dabone,Barcelona (BFA),,Skilled Big,Rim Protector,"6'10""",,,,,,,,,,,,
,Phillip Reed,Palisades,,Primary Ball Handler,,"6'2""",,,,,,,,,,,,
,Platon Shurmel,Pablo Laso Academy (UKR),,,,"6'11""",,,,,,,,,,,,
,Quali Giran,Long Beach Milikan,,Primary Ball Handler,,"6'1""",,,,,,,,,,,,
,R.J. Evans,SLAM Miami,,Combo Wing,,"6'5""",,,,,,,,,,,,
,Sam Williams,Ulm (NED),,Scoring Guard,,"6'2""",,,,,,,,,,,,
,Stefan Bjelobrk,Feniks (SRB),,Skilled Forward,,"6'6""",,,,,,,,,,,,
,Tristan Edwards,Wilson Academy,,Slasher,,"6'8""",,,,,,,,,,,,
,Turic Chol Gol,Jordan Christian Prep (SSD),,Stretch Big,Rim Protector,"7'2""",,,,,,,,,,,,
,Will Conroy Jr.,Village Christian,,Primary Ball Handler,,"6'2""",,,,,,,,,,,,
,William Phillips,Sacramento,,Scoring Wing,,"6'6""",,,,,,,,,,,,
,Yohan Pomier,INSEP (FRA),,Play Finishing Forward,Rim Protector,"6'7""",,,,,,,,,,,,